Office,BusinessGroup,BusinessLine,Amount,Latitude,Longitude
"Omaha, NE #102",Heavy Equipment-OTR,Heavy Truck and Tractor,125.00,41.2918589,-96.0812485
"Indianapolis, IN #103",Heavy Equipment-OTR,Heavy Truck and Tractor,134.00,39.7689051,-86.1570664
"St. Cloud, MN #111",Heavy Equipment-OTR,Heavy Truck and Tractor,125.00,45.5599175,-94.1594019
"Columbus, GA #113",Heavy Equipment-OTR,Heavy Truck and Tractor,120.00,32.4643315,-84.9898915
"Dayton, OH (Corp) #051",Heavy Equipment-OTR,Heavy Truck and Tractor,125.00,39.7595646,-84.1962226
"Reading, PA #283",Heavy Equipment-OTR,Heavy Truck and Tractor,134.00,40.3373233,-75.9216393
"Portsmouth, OH (Corp) #038",Heavy Equipment-OTR,Heavy Truck and Tractor,120.00,38.7280446,-82.9802887
"San Antonio, TX #121",Heavy Equipment-OTR,Heavy Truck and Tractor,120.00,29.4249388,-98.4943932
"Cincinnati, OH #122",Heavy Equipment-OTR,Heavy Truck and Tractor,134.00,39.1040858,-84.5195135
"Dallas, TX (Corp) #473",Heavy Equipment-OTR,Heavy Truck and Tractor,120.00,32.7816196,-96.7934415
"Charleston, SC (Corp) #490",Heavy Equipment-OTR,Heavy Truck and Tractor,120.00,32.7766287,-79.9308624
"Beaumont, TX (Corp) #082",Heavy Equipment-OTR,Heavy Truck and Tractor,120.00,30.0818642,-94.0943660
"Fresno North, CA (Corp) #407",Heavy Equipment-OTR,Heavy Truck and Tractor,140.00,36.8108327,-119.7484113
"Louisville, KY (Corp) #488",Heavy Equipment-OTR,Heavy Truck and Tractor,120.00,38.2542052,-85.7604197
"South Bend, IN #255",Heavy Equipment-OTR,Heavy Truck and Tractor,134.00,41.6754102,-86.2530328
"Boston, MA (Corp) #477",Heavy Equipment-OTR,Heavy Truck and Tractor,130.00,42.3601998,-71.0579510
"Toledo, OH (Corp) # 481",Heavy Equipment-OTR,Heavy Truck and Tractor,135.00,41.6555454,-83.5346467
"Houston, TX (Corp) #027",Heavy Equipment-OTR,Heavy Truck and Tractor,120.00,29.7603571,-95.3693747
"Tupelo, MS #305",Heavy Equipment-OTR,Heavy Truck and Tractor,120.00,34.2566089,-88.7033742
"Salem, NH #310",Heavy Equipment-OTR,Heavy Truck and Tractor,134.00,42.7805714,-71.2092968
"Harlingen, TX #334",Heavy Equipment-OTR,Heavy Truck and Tractor,120.00,26.1891790,-97.6947930
"Albuquerque South, NM #342",Heavy Equipment-OTR,Heavy Truck and Tractor,120.00,35.1696155,-106.5801033
"Yuma, AZ #322",Heavy Equipment-OTR,Heavy Truck and Tractor,140.00,32.7216838,-114.6201600
"Salt Lake City, UT (Corp) #042",Heavy Equipment-OTR,Heavy Truck and Tractor,120.00,40.7594783,-111.8868474
"Augusta, GA #353",Heavy Equipment-OTR,Heavy Truck and Tractor,134.00,33.4711591,-81.9614078
"Martinsburg, WV (Corp) #047",Heavy Equipment-OTR,Heavy Truck and Tractor,120.00,39.4595460,-77.9632217
"North Atlanta, GA #374",Heavy Equipment-OTR,Heavy Truck and Tractor,120.00,33.8707400,-84.3340380
"Roanoke, VA (Corp) #434",Heavy Equipment-OTR,Heavy Truck and Tractor,134.00,37.2708029,-79.9461011
"Evansville, IN (Corp) #453",Heavy Equipment-OTR,Heavy Truck and Tractor,125.00,37.9736513,-87.5672831
"York, ME #418",Heavy Equipment-OTR,Heavy Truck and Tractor,134.00,43.1440818,-70.6514190
"Sioux Falls, SD #328",Heavy Equipment-OTR,Heavy Truck and Tractor,135.00,43.5475889,-96.7294032
"Jacksonville, FL (Corp) #491",Heavy Equipment-OTR,Heavy Truck and Tractor,120.00,30.3300681,-81.6612345
"Fort Myers, FL #433",Heavy Equipment-OTR,Heavy Truck and Tractor,120.00,26.6414928,-81.8678411
"Winston-Salem, NC (Corp) #432",Heavy Equipment-OTR,Heavy Truck and Tractor,134.00,36.0952632,-80.2430415
"Eau Claire-La Crosse, WI #278",Heavy Equipment-OTR,Heavy Truck and Tractor,120.00,44.8079687,-91.5035985
"Mount Vernon, IL (Corp) #502",Heavy Equipment-OTR,Heavy Truck and Tractor,134.00,38.3179871,-88.9050155
"Cranston, RI (Corp) #431",Heavy Equipment-OTR,Heavy Truck and Tractor,130.00,41.7796120,-71.4366900
"Columbus, OH #504",Heavy Equipment-OTR,Heavy Truck and Tractor,135.00,39.9626487,-83.0034900
"Myrtle Beach, SC #362",Heavy Equipment-OTR,Heavy Truck and Tractor,120.00,33.6965279,-78.8831177
"Nashville, TN (Corp) #400",Heavy Equipment-OTR,Heavy Truck and Tractor,120.00,36.1128045,-86.7335083
"Melbourne, FL (Corp) #054",Heavy Equipment-OTR,Heavy Truck and Tractor,120.00,28.0797009,-80.6067097
"Fayetteville, NC (Corp) #419",Heavy Equipment-OTR,Heavy Truck and Tractor,120.00,35.0536600,-78.8836520
"Mobile, AL #555",Heavy Equipment-OTR,Heavy Truck and Tractor,134.00,30.6893041,-88.0425893
"Chicago - South, IL #563",Heavy Equipment-OTR,Heavy Truck and Tractor,134.00,41.6232180,-87.8573626
"Chicago - Southwest, IL #564",Heavy Equipment-OTR,Heavy Truck and Tractor,134.00,41.8885767,-87.9794715
"Los Angeles - South Bay, CA (Corp) #061",Heavy Equipment-OTR,Heavy Truck and Tractor,140.00,33.8943482,-118.2259790
"Los Angeles San Fernando Valley, CA (Corp) #032",Heavy Equipment-OTR,Heavy Truck and Tractor,140.00,34.2842969,-118.4372844
"Oakland-East Bay, CA (Corp) #022",Heavy Equipment-OTR,Heavy Truck and Tractor,140.00,37.8053639,-122.2724809
"Bowling Green, KY (Corp) #064",Heavy Equipment-OTR,Heavy Truck and Tractor,120.00,36.9924827,-86.4430077
"Norfolk, VA #316",Heavy Equipment-OTR,Heavy Truck and Tractor,120.00,36.8445694,-76.2856676
"Laredo, TX #600",Heavy Equipment-OTR,Heavy Truck and Tractor,120.00,27.5075263,-99.5069940
"Grand Rapids, MI (Corp) #410",Heavy Equipment-OTR,Heavy Truck and Tractor,135.00,42.9691813,-85.6710696
"Gulfport - Biloxi, MS #619",Heavy Equipment-OTR,Heavy Truck and Tractor,134.00,30.3694345,-89.0910887
"Santa Clara County, CA #327",Heavy Equipment-OTR,Heavy Truck and Tractor,140.00,37.3382335,-121.8934422
"Riverside, CA (Corp) #401",Heavy Equipment-OTR,Heavy Truck and Tractor,140.00,33.9805633,-117.3756557
"Wausau, WI #314",Heavy Equipment-OTR,Heavy Truck and Tractor,120.00,44.9618970,-89.6259130
"Rome - Canton, GA #651",Heavy Equipment-OTR,Heavy Truck and Tractor,120.00,34.2569112,-85.1696790
"Texarkana, TX #656",Heavy Equipment-OTR,Heavy Truck and Tractor,120.00,33.4260698,-94.0513431
"Gaylord, MI (Corp) #494",Heavy Equipment-OTR,Heavy Truck and Tractor,135.00,45.0279180,-84.6709234
"Portland, OR #660",Heavy Equipment-OTR,Heavy Truck and Tractor,135.00,45.5151659,-122.6789074
"Rapid City, SD #275",Heavy Equipment-OTR,Heavy Truck and Tractor,120.00,44.0827267,-103.2255719
"Billings, MT #299",Heavy Equipment-OTR,Heavy Truck and Tractor,120.00,45.7840413,-108.5063267
"Johnstown, PA (Corp) #077",Heavy Equipment-OTR,Heavy Truck and Tractor,120.00,40.3259175,-78.9199230
"Lubbock, TX (Corp) #081",Heavy Equipment-OTR,Heavy Truck and Tractor,120.00,33.5830924,-101.8537486
"Harrisburg, PA (Corp) #016",Heavy Equipment-OTR,Heavy Truck and Tractor,120.00,40.2595896,-76.8827508
"Missoula, MT #676",Heavy Equipment-OTR,Heavy Truck and Tractor,120.00,46.8738230,-113.9943250
"Duluth, MN #678",Heavy Equipment-OTR,Heavy Truck and Tractor,120.00,46.7838139,-92.1052749
"Alexandria, LA #682",Heavy Equipment-OTR,Heavy Truck and Tractor,120.00,31.3115457,-92.4449291
"Southern New York, NY (Corp) #044",Heavy Equipment-OTR,Heavy Truck and Tractor,130.00,41.3694914,-73.9659685
"New Bern, NC (Corp) #088",Heavy Equipment-OTR,Heavy Truck and Tractor,120.00,35.1068959,-77.0384616
"San Bernardino, CA (Corp) #475",Heavy Equipment-OTR,Heavy Truck and Tractor,135.00,34.1046147,-117.2926194
"Pendleton, OR - Kennewick, WA (Corp) #065",Heavy Equipment-OTR,Heavy Truck and Tractor,120.00,45.6698476,-118.7911917
"Tulsa, OK (Corp) #471",Heavy Equipment-OTR,Heavy Truck and Tractor,120.00,36.1555152,-95.9898806
"Charlottesville, VA #696",Heavy Equipment-OTR,Heavy Truck and Tractor,120.00,38.0296288,-78.4777065
"Amarillo, TX (Corp) #445",Heavy Equipment-OTR,Heavy Truck and Tractor,120.00,35.2067159,-101.8312955
"Boulder-Ft. Collins, CO (Corp)  #021",Heavy Equipment-OTR,Heavy Truck and Tractor,120.00,40.0152997,-105.2798478
"Great Falls, MT #715",Heavy Equipment-OTR,Heavy Truck and Tractor,120.00,47.5052830,-111.3067860
"Huntsville, AL (Corp) #495",Heavy Equipment-OTR,Heavy Truck and Tractor,120.00,34.7281492,-86.5865781
"Tampa, FL (Corp) #460",Heavy Equipment-OTR,Heavy Truck and Tractor,120.00,27.9476392,-82.4572026
"Champaign, IL (Corp) #496",Heavy Equipment-OTR,Heavy Truck and Tractor,125.00,40.1164750,-88.2430440
"Tucson, AZ #333",Heavy Equipment-OTR,Heavy Truck and Tractor,140.00,32.2226107,-110.9748270
"Ocala, FL #304",Heavy Equipment-OTR,Heavy Truck and Tractor,120.00,29.1881490,-82.1390040
"Santa Fe, NM #738",Heavy Equipment-OTR,Heavy Truck and Tractor,120.00,35.6848090,-105.9434390
"Montgomery, AL (Corp) #454",Heavy Equipment-OTR,Heavy Truck and Tractor,134.00,32.3790167,-86.3078491
"Waco - Temple - Killeen, TX #246",Heavy Equipment-OTR,Heavy Truck and Tractor,120.00,31.5644324,-97.1356943
"Santa Maria, CA (Corp) #069",Heavy Equipment-OTR,Heavy Truck and Tractor,140.00,34.9497887,-120.4356458
"Ventura, CA (Corp) #068",Heavy Equipment-OTR,Heavy Truck and Tractor,140.00,34.2823790,-119.2931340
"Austin, TX (Corp) #459",Heavy Equipment-OTR,Heavy Truck and Tractor,120.00,30.2648963,-97.7471960
"Cheyenne, WY #323",Heavy Equipment-OTR,Heavy Truck and Tractor,120.00,41.1351623,-104.8217830
"Lakeland, FL (Corp) #055",Heavy Equipment-OTR,Heavy Truck and Tractor,120.00,28.0421234,-81.9536561
"Manhattan, NY (Corp) #067",Heavy Equipment-OTR,Heavy Truck and Tractor,130.00,40.7127744,-74.0060590
"Richmond, VA #771",Heavy Equipment-OTR,Heavy Truck and Tractor,120.00,37.5409689,-77.4329790
"Des Moines, IA #776",Heavy Equipment-OTR,Heavy Truck and Tractor,135.00,41.5891473,-93.6165693
"Tallahassee, FL (Corp) #097",Heavy Equipment-OTR,Heavy Truck and Tractor,120.00,30.4395639,-84.2826786
"Kalamazoo, MI (Corp) #482",Heavy Equipment-OTR,Heavy Truck and Tractor,135.00,42.2893690,-85.5855737
"Marietta, GA #784",Heavy Equipment-OTR,Heavy Truck and Tractor,120.00,33.9535281,-84.5468198
"Pensacola, FL #787",Heavy Equipment-OTR,Heavy Truck and Tractor,134.00,30.4078538,-87.2185558
"Monroe, LA #789",Heavy Equipment-OTR,Heavy Truck and Tractor,120.00,32.5014924,-92.1102132
"Jonesboro, AR (Corp) #404",Heavy Equipment-OTR,Heavy Truck and Tractor,134.00,35.8381190,-90.7091897
"North Jersey, NJ (Corp) #045",Heavy Equipment-OTR,Heavy Truck and Tractor,130.00,40.8515056,-74.2288203
"Phoenix South, AZ (Corp) #037",Heavy Equipment-OTR,Heavy Truck and Tractor,135.00,33.4487283,-112.0773946
"Jackson, TN (Corp) #049",Heavy Equipment-OTR,Heavy Truck and Tractor,120.00,35.6154466,-88.8190427
"Pueblo, CO (Corp) #076",Heavy Equipment-OTR,Heavy Truck and Tractor,120.00,38.2656323,-104.6111568
"Daytona Beach, FL (Corp) #053",Heavy Equipment-OTR,Heavy Truck and Tractor,120.00,29.2069098,-81.0199493
"Suffolk County, NY (Corp) #406",Heavy Equipment-OTR,Heavy Truck and Tractor,130.00,40.9072247,-72.6764596
"Johnson City, TN (Corp) #463",Heavy Equipment-OTR,Heavy Truck and Tractor,134.00,36.3390793,-82.4074546
"Topeka, KS #823",Heavy Equipment-OTR,Heavy Truck and Tractor,135.00,39.0488343,-95.6721276
"New Orleans, LA #318",Heavy Equipment-OTR,Heavy Truck and Tractor,125.00,29.9521082,-90.0770420
"Erie, PA (Corp) #412",Heavy Equipment-OTR,Heavy Truck and Tractor,131.00,42.1300000,-80.0900000
"Cleveland, OH (Corp) #096",Heavy Equipment-OTR,Heavy Truck and Tractor,120.00,41.5050806,-81.6935858
"Moultrie, GA (Corp) #089",Heavy Equipment-OTR,Heavy Truck and Tractor,120.00,31.1815393,-83.7878894
"Waterloo, IA #843",Heavy Equipment-OTR,Heavy Truck and Tractor,135.00,42.4990310,-92.3321810
"Sioux City, IA #844",Heavy Equipment-OTR,Heavy Truck and Tractor,135.00,42.4965857,-96.4059452
"Grand Junction, CO (Corp) #012",Heavy Equipment-OTR,Heavy Truck and Tractor,120.00,39.0687830,-108.5639430
"Charlotte, NC (Corp) #416",Heavy Equipment-OTR,Heavy Truck and Tractor,134.00,35.2216474,-80.8393449
"Green Bay, WI #348",Heavy Equipment-OTR,Heavy Truck and Tractor,134.00,44.5135472,-88.0127014
"Wilson - Rocky Mount, NC (Corp) #458",Heavy Equipment-OTR,Heavy Truck and Tractor,120.00,35.7260419,-77.9098986
"Brooksville, FL (Corp) #062",Heavy Equipment-OTR,Heavy Truck and Tractor,125.00,28.5565991,-82.3882007
"Hickory, NC (Corp) #421",Heavy Equipment-OTR,Heavy Truck and Tractor,120.00,35.7330125,-81.3379334
"Lancaster/York, PA (Corp) #439",Heavy Equipment-OTR,Heavy Truck and Tractor,120.00,40.0402895,-76.3043179
"Buffalo, NY (Corp) #456",Heavy Equipment-OTR,Heavy Truck and Tractor,120.00,42.8816842,-78.8553015
"Odessa, TX (Corp) #446",Heavy Equipment-OTR,Heavy Truck and Tractor,125.00,31.8487790,-102.3748667
"Milwaukee, WI #350",Heavy Equipment-OTR,Heavy Truck and Tractor,134.00,43.0426942,-87.9205807
"Bismarck, ND #325",Heavy Equipment-OTR,Heavy Truck and Tractor,120.00,46.8071470,-100.7841788
"Eastern Jersey, NJ #244",Heavy Equipment-OTR,Heavy Truck and Tractor,137.00,40.0726660,-74.0694290
"Lexington, KY #872",Heavy Equipment-OTR,Heavy Truck and Tractor,134.00,38.0453770,-84.4975709
"Binghamton, NY (Corp) #428",Heavy Equipment-OTR,Heavy Truck and Tractor,120.00,42.0963730,-75.9120373
"Las Vegas, NV (Corp) #063",Heavy Equipment-OTR,Heavy Truck and Tractor,120.00,36.1674946,-115.1487890
"Victoria, TX #875",Heavy Equipment-OTR,Heavy Truck and Tractor,120.00,28.7974466,-97.0069209
"Sacramento, CA (Corp) #010",Heavy Equipment-OTR,Heavy Truck and Tractor,140.00,38.5819123,-121.4935617
"Corpus Christi, TX #889",Heavy Equipment-OTR,Heavy Truck and Tractor,120.00,27.7928525,-97.3947199
"Ogden, UT (Corp) #040",Heavy Equipment-OTR,Heavy Truck and Tractor,120.00,41.2196006,-111.9712304
"Rochester, NY (Corp) #425",Heavy Equipment-OTR,Heavy Truck and Tractor,125.00,43.1867452,-77.6112554
"Boise, ID (Corp) #035",Heavy Equipment-OTR,Heavy Truck and Tractor,120.00,43.4880101,-116.4252650
"Chico, CA (Corp) #403",Heavy Equipment-OTR,Heavy Truck and Tractor,140.00,39.7291725,-121.8376986
"Chicago - North, IL (Corp) #066",Heavy Equipment-OTR,Heavy Truck and Tractor,125.00,42.0964608,-87.9374473
"Jackson, MS (Corp) #048",Heavy Equipment-OTR,Heavy Truck and Tractor,134.00,32.2981152,-90.1819326
"Tyler, TX #900",Heavy Equipment-OTR,Heavy Truck and Tractor,120.00,32.3522270,-95.3059810
"Baltimore East, MD #302",Heavy Equipment-OTR,Heavy Truck and Tractor,134.00,39.3406685,-76.4662791
"San Angelo South, TX #341",Heavy Equipment-OTR,Heavy Truck and Tractor,120.00,31.4645231,-100.4393828
"Knoxville, TN #905",Heavy Equipment-OTR,Heavy Truck and Tractor,120.00,35.9609102,-83.9172040
"Meridian, MS #359",Heavy Equipment-OTR,Heavy Truck and Tractor,134.00,32.3643363,-88.6992126
"Baltimore West, MD (Corp) #024",Heavy Equipment-OTR,Heavy Truck and Tractor,130.00,39.6030154,-76.8530493
"Stockton, CA (Corp) #011",Heavy Equipment-OTR,Heavy Truck and Tractor,140.00,37.9570060,-121.2916640
"Galveston, TX (Corp) #028",Heavy Equipment-OTR,Heavy Truck and Tractor,120.00,29.3007090,-94.7953238
"Reno, NV #917",Heavy Equipment-OTR,Heavy Truck and Tractor,120.00,39.5260945,-119.8128142
"Santa Rosa, CA (Corp) #017",Heavy Equipment-OTR,Heavy Truck and Tractor,140.00,38.4378005,-122.7118340
"Gainesville, GA #919",Heavy Equipment-OTR,Heavy Truck and Tractor,120.00,34.2660820,-83.8673090
"Shreveport, LA (Corp) #436",Heavy Equipment-OTR,Heavy Truck and Tractor,120.00,32.5070294,-93.7916616
"Eugene, OR #925",Heavy Equipment-OTR,Heavy Truck and Tractor,135.00,44.0515700,-123.0904430
"Morgantown/Steubenville, WV (Corp) #079",Heavy Equipment-OTR,Heavy Truck and Tractor,120.00,39.6304097,-79.9543743
"Birmingham, AL (Corp) #489",Heavy Equipment-OTR,Heavy Truck and Tractor,120.00,33.5193601,-86.7829471
"Provo, UT (Corp) #041",Heavy Equipment-OTR,Heavy Truck and Tractor,120.00,40.2334032,-111.6651256
"Raleigh, NC (Corp) #415",Heavy Equipment-OTR,Heavy Truck and Tractor,120.00,35.7587320,-78.6399553
"Macon - Warner Robins, GA #933",Heavy Equipment-OTR,Heavy Truck and Tractor,120.00,32.8360488,-83.6322074
"Delaware, DE (Corp) #476",Heavy Equipment-OTR,Heavy Truck and Tractor,130.00,39.5752965,-75.6573994
"Brooklyn-Staten Island, NY (Corp) #461",Heavy Equipment-OTR,Heavy Truck and Tractor,130.00,40.6189987,-73.9284788
"Colorado Springs, CO (Corp) #075",Heavy Equipment-OTR,Heavy Truck and Tractor,120.00,38.8327826,-104.8223099
"Akron, OH (Corp) #411",Heavy Equipment-OTR,Heavy Truck and Tractor,120.00,41.0805577,-81.5182179
"Wilkes-Barre, PA (Corp) #057",Heavy Equipment-OTR,Heavy Truck and Tractor,120.00,41.2446851,-75.8801122
"Sherman, TX #945",Heavy Equipment-OTR,Heavy Truck and Tractor,120.00,33.6358717,-96.6119131
"Sarasota - Sebring, FL #947",Heavy Equipment-OTR,Heavy Truck and Tractor,120.00,27.3376964,-82.5392341
"Columbia, SC (Corp) #492",Heavy Equipment-OTR,Heavy Truck and Tractor,120.00,34.0089810,-81.0372440
"Oklahoma City, OK (Corp) #449",Heavy Equipment-OTR,Heavy Truck and Tractor,120.00,35.4689656,-97.5207282
"Fort Pierce, FL (Corp) #498",Heavy Equipment-OTR,Heavy Truck and Tractor,120.00,27.4476049,-80.3257730
"Asheville, NC (Corp) #417",Heavy Equipment-OTR,Heavy Truck and Tractor,120.00,35.5955640,-82.5488757
"Poughkeepsie, NY (Corp) #423",Heavy Equipment-OTR,Heavy Truck and Tractor,130.00,41.7066161,-73.9288271
"Savannah, GA #955",Heavy Equipment-OTR,Heavy Truck and Tractor,120.00,32.0812008,-81.0912292
"Cape Girardeau, MO #956",Heavy Equipment-OTR,Heavy Truck and Tractor,135.00,37.3040469,-89.5265880
"Western Massachusetts, MA #957",Heavy Equipment-OTR,Heavy Truck and Tractor,134.00,42.1014125,-72.5898150
"Miami/Key West, FL (Corp) #058",Heavy Equipment-OTR,Heavy Truck and Tractor,120.00,25.7626343,-80.1921277
"Bakersfield, CA (Corp) #046",Heavy Equipment-OTR,Heavy Truck and Tractor,140.00,35.3736510,-119.0206200
"Honolulu, HI (Corp) #405",Heavy Equipment-OTR,Heavy Truck and Tractor,120.00,21.3284700,-157.8691125
"Spokane, WA (Corp) #503",Heavy Equipment-OTR,Heavy Truck and Tractor,134.00,47.6615893,-117.3983040
"Charleston-Huntington, WV (Corp) #043",Heavy Equipment-OTR,Heavy Truck and Tractor,120.00,38.3584753,-81.6889797
"Flagstaff/Bullhead City - Prescott, AZ (Corp) #508",Heavy Equipment-OTR,Heavy Truck and Tractor,135.00,35.1963455,-111.6310845
"Memphis, TN (Corp) #443",Heavy Equipment-OTR,Heavy Truck and Tractor,120.00,35.1323175,-89.9507912
"Flint, MI (Corp) #452",Heavy Equipment-OTR,Heavy Truck and Tractor,135.00,43.0115152,-83.6849499
"Baton Rouge, LA #970",Heavy Equipment-OTR,Heavy Truck and Tractor,120.00,30.4458639,-91.1879192
"Springfield, IL #971",Heavy Equipment-OTR,Heavy Truck and Tractor,120.00,39.7993714,-89.6464776
"Denver, CO (Corp) #098",Heavy Equipment-OTR,Heavy Truck and Tractor,120.00,39.7347526,-104.9872357
"Rockford, IL #973",Heavy Equipment-OTR,Heavy Truck and Tractor,134.00,42.3075493,-89.0707627
"Madison, WI #974",Heavy Equipment-OTR,Heavy Truck and Tractor,134.00,43.0316053,-89.4334485
"Los Angeles San Gabriel Valley, CA (Corp) #095",Heavy Equipment-OTR,Heavy Truck and Tractor,140.00,34.0904308,-118.1038365
"Anchorage, AK (Corp) #093",Heavy Equipment-OTR,Heavy Truck and Tractor,120.00,61.2163120,-149.8949299
"Lima, OH (Corp) #451",Heavy Equipment-OTR,Heavy Truck and Tractor,134.00,40.7329244,-84.1088924
"Queens, NY #978",Heavy Equipment-OTR,Heavy Truck and Tractor,125.00,40.7137004,-73.8303458
"Detroit, MI (Corp) #409",Heavy Equipment-OTR,Heavy Truck and Tractor,135.00,42.3845439,-83.0699191
"Parkersburg, WV (Corp) #015",Heavy Equipment-OTR,Heavy Truck and Tractor,120.00,39.2942745,-81.5708183
"Bryan - College Station, TX #982",Heavy Equipment-OTR,Heavy Truck and Tractor,120.00,30.6537894,-96.3414420
"Brunswick, GA #983",Heavy Equipment-OTR,Heavy Truck and Tractor,120.00,31.1734041,-81.4904423
Vermont (Corp) #424,Heavy Equipment-OTR,Heavy Truck and Tractor,130.00,44.4543530,-73.1794680
"Paducah, KY #986",Heavy Equipment-OTR,Heavy Truck and Tractor,135.00,37.1020799,-88.6151603
"Rochester, MN #987",Heavy Equipment-OTR,Heavy Truck and Tractor,120.00,44.0205670,-92.4598612
"Wilmington, NC (Corp) #414",Heavy Equipment-OTR,Heavy Truck and Tractor,120.00,34.2270332,-77.9413391
"Greenville, SC (Corp) #493",Heavy Equipment-OTR,Heavy Truck and Tractor,120.00,34.8518897,-82.3992974
"Fayetteville, AR (Corp) #441",Heavy Equipment-OTR,Heavy Truck and Tractor,120.00,36.0651804,-94.1420304
"Alexandria, VA (Corp) #485",Heavy Equipment-OTR,Heavy Truck and Tractor,130.00,38.8049945,-77.0441046
"Minneapolis, MN #993",Heavy Equipment-OTR,Heavy Truck and Tractor,120.00,44.9774543,-93.2652632
"South Atlanta, GA #994",Heavy Equipment-OTR,Heavy Truck and Tractor,120.00,33.4740497,-84.5985720
"Columbia, MO #995",Heavy Equipment-OTR,Heavy Truck and Tractor,135.00,38.9518190,-92.3299182
"Nacogdoches - Lufkin, TX #996",Heavy Equipment-OTR,Heavy Truck and Tractor,120.00,31.5953121,-94.6468244
"West Los Angeles, CA (Corp) #078",Heavy Equipment-OTR,Heavy Truck and Tractor,140.00,34.0434209,-118.4453918
"Philadelphia, PA (Corp) #413",Heavy Equipment-OTR,Heavy Truck and Tractor,131.00,39.9534375,-75.1639568
"Athens, GA (Corp) #464",Heavy Equipment-OTR,Heavy Truck and Tractor,120.00,33.9596546,-83.3764390
"Kansas City, KS #129",Heavy Equipment-OTR,Heavy Truck and Tractor,135.00,39.1130213,-94.6274425
"Bristol, VA (Corp) #505",Heavy Equipment-OTR,Heavy Truck and Tractor,134.00,36.5925170,-82.1866944
"Fort Worth, TX (Corp) #480",Heavy Equipment-OTR,Heavy Truck and Tractor,120.00,32.7502488,-97.3307380
"San Francisco, CA (Corp) #019",Heavy Equipment-OTR,Heavy Truck and Tractor,140.00,37.7792719,-122.4192288
"San Diego - Oceanside, CA (Corp) #474",Heavy Equipment-OTR,Heavy Truck and Tractor,135.00,32.7169145,-117.1629690
"Chattanooga, TN (Corp) #087",Heavy Equipment-OTR,Heavy Truck and Tractor,120.00,35.0819273,-85.2632423
"El Paso, TX (Corp) #486",Heavy Equipment-OTR,Heavy Truck and Tractor,120.00,31.7586098,-106.4808750
"Scott City, KS #158",Heavy Equipment-OTR,Heavy Truck and Tractor,134.00,38.4824674,-100.9085310
"Western Jersey, NJ #157",Heavy Equipment-OTR,Heavy Truck and Tractor,137.00,39.6359917,-74.8012579
"Lincoln, NE #159",Heavy Equipment-OTR,Heavy Truck and Tractor,135.00,40.8087720,-96.7077480
"Allentown, PA (Corp) #056",Heavy Equipment-OTR,Heavy Truck and Tractor,120.00,40.6036476,-75.4674963
"Lansing, MI (Corp) #408",Heavy Equipment-OTR,Heavy Truck and Tractor,135.00,42.7341481,-84.5532672
"Orange County, CA (Corp) #031",Heavy Equipment-OTR,Heavy Truck and Tractor,140.00,33.7871653,-117.8502993
"Wichita Falls, TX (Corp) #484",Heavy Equipment-OTR,Heavy Truck and Tractor,120.00,33.9096961,-98.4996083
"Warminster - Quakertown, PA #180",Heavy Equipment-OTR,Heavy Truck and Tractor,134.00,40.2053969,-75.1078738
"Wichita, KS #355",Heavy Equipment-OTR,Heavy Truck and Tractor,120.00,37.7319738,-97.3471470
"Springfield, MO #187",Heavy Equipment-OTR,Heavy Truck and Tractor,120.00,37.2169218,-93.2922286
"Orlando, FL (Corp) #039",Heavy Equipment-OTR,Heavy Truck and Tractor,120.00,28.5375263,-81.3798099
"Albany, NY (Corp) #422",Heavy Equipment-OTR,Heavy Truck and Tractor,130.00,42.6523311,-73.7538282
"Syracuse, NY (Corp) #426",Heavy Equipment-OTR,Heavy Truck and Tractor,120.00,43.0500059,-76.1490658
"Greeley, CO #191",Heavy Equipment-OTR,Heavy Truck and Tractor,134.00,40.4223793,-104.6948511
"Washington, DC (Corp) #487",Heavy Equipment-OTR,Heavy Truck and Tractor,130.00,38.8951311,-77.0313808
"St. Louis, MO #194",Heavy Equipment-OTR,Heavy Truck and Tractor,135.00,38.6270168,-90.2017613
"East St. Louis, IL #197",Heavy Equipment-OTR,Heavy Truck and Tractor,135.00,38.6265634,-90.1650291
"Nassau County, NY #324",Heavy Equipment-OTR,Heavy Truck and Tractor,145.00,40.7096960,-73.6255139
"Fort Wayne, IN (Corp) #052",Heavy Equipment-OTR,Heavy Truck and Tractor,125.00,41.0790064,-85.1369712
"Pittsburgh, PA #352",Heavy Equipment-OTR,Heavy Truck and Tractor,145.00,40.4381033,-79.9968357
"Fargo, ND (Corp) #013",Heavy Equipment-OTR,Heavy Truck and Tractor,120.00,46.8782640,-96.7834087
"Brockton, MA (Corp) #478",Heavy Equipment-OTR,Heavy Truck and Tractor,130.00,42.0825529,-71.0185936
"Grants Pass/Medford, OR #287",Heavy Equipment-OTR,Heavy Truck and Tractor,120.00,42.4435209,-123.3251120
"Abilene, TX (Corp) #084",Heavy Equipment-OTR,Heavy Truck and Tractor,120.00,32.4500000,-99.7300000
"Bend, OR (Corp) #501",Heavy Equipment-OTR,Heavy Truck and Tractor,134.00,44.0570084,-121.3149998
"Seattle, WA (Corp) #437",Heavy Equipment-OTR,Heavy Truck and Tractor,130.00,47.6038280,-122.3300560
"Pocatello, ID (Corp) #086",Heavy Equipment-OTR,Heavy Truck and Tractor,120.00,42.8731779,-112.4487535
"San Diego - Oceanside, CA (Corp) #474",Heavy Equipment-OTR,Heavy Truck and Tractor,135.00,33.1977593,-117.3325013
"Winston-Salem, NC (Corp) #432",Heavy Equipment-OTR,Heavy Truck and Tractor,134.00,36.0709096,-79.7927289
"Monterey, CA #259",Heavy Equipment-OTR,Heavy Truck and Tractor,140.00,36.6036324,-121.8535914
"Eau Claire-La Crosse, WI #278",Heavy Equipment-OTR,Heavy Truck and Tractor,120.00,43.8164985,-91.2482026
"Oakland-East Bay, CA (Corp) #022",Heavy Equipment-OTR,Heavy Truck and Tractor,140.00,37.8227489,-121.9976534
"Gulfport - Biloxi, MS #619",Heavy Equipment-OTR,Heavy Truck and Tractor,134.00,30.3954267,-88.8868832
"Riverside, CA (Corp) #401",Heavy Equipment-OTR,Heavy Truck and Tractor,140.00,33.8238762,-116.5113831
"Rome - Canton, GA #651",Heavy Equipment-OTR,Heavy Truck and Tractor,120.00,34.2358444,-84.4909119
"Pendleton, OR - Kennewick, WA (Corp) #065",Heavy Equipment-OTR,Heavy Truck and Tractor,120.00,46.2030047,-119.1207978
"Boulder-Ft. Collins, CO (Corp)  #021",Heavy Equipment-OTR,Heavy Truck and Tractor,120.00,40.5904359,-105.0776000
"Wilson - Rocky Mount, NC (Corp) #458",Heavy Equipment-OTR,Heavy Truck and Tractor,120.00,35.9397286,-77.7991782
"Lancaster/York, PA (Corp) #439",Heavy Equipment-OTR,Heavy Truck and Tractor,120.00,39.9609070,-76.7262560
"Scranton, PA #347",Heavy Equipment-OTR,Heavy Truck and Tractor,145.00,41.4099180,-75.6608700
"Little Rock, AR (Corp) #444",Heavy Equipment-OTR,Heavy Truck and Tractor,120.00,34.7153674,-92.3595261
"Morgantown/Steubenville, WV (Corp) #079",Heavy Equipment-OTR,Heavy Truck and Tractor,120.00,40.3587525,-80.6140516
"Lake Charles, LA #928",Heavy Equipment-OTR,Heavy Truck and Tractor,120.00,30.2275404,-93.2162797
"Macon - Warner Robins, GA #933",Heavy Equipment-OTR,Heavy Truck and Tractor,120.00,32.6197329,-83.6075950
"Sarasota - Sebring, FL #947",Heavy Equipment-OTR,Heavy Truck and Tractor,120.00,27.4931575,-81.4380265
"Charleston-Huntington, WV (Corp) #043",Heavy Equipment-OTR,Heavy Truck and Tractor,120.00,38.4095200,-82.5016354
"Bryan - College Station, TX #982",Heavy Equipment-OTR,Heavy Truck and Tractor,120.00,30.6124218,-96.3184594
"Nacogdoches - Lufkin, TX #996",Heavy Equipment-OTR,Heavy Truck and Tractor,120.00,31.3396413,-94.7527079
"Worcester, MA (Corp) #466",Heavy Equipment-OTR,Heavy Truck and Tractor,130.00,42.2583947,-71.8012561
"Hartford, CT (Corp) #468",Heavy Equipment-OTR,Heavy Truck and Tractor,130.00,41.7507578,-72.6954998
"Stratford, CT (Corp) #469",Heavy Equipment-OTR,Heavy Truck and Tractor,130.00,41.1896166,-73.1338207
"North Platte, NE #249",Heavy Equipment-OTR,Heavy Truck and Tractor,134.00,41.1409585,-100.7584030
"Bettendorf, IA #233",Heavy Equipment-OTR,Heavy Truck and Tractor,120.00,41.5237898,-90.5766984
"New Bedford, MA (Corp) #479",Heavy Equipment-OTR,Heavy Truck and Tractor,130.00,41.6355093,-70.9274803
"New Bedford, MA (Corp) #479",Heavy Equipment-OTR,Heavy Truck and Tractor,130.00,41.6529929,-70.2830690
"Myrtle Beach, SC #362",Heavy Equipment-OTR,Heavy Truck and Tractor,120.00,34.1988496,-79.7677609
"Phoenix North, AZ (Corp) #059",Heavy Equipment-OTR,Heavy Truck and Tractor,135.00,33.4811303,-112.0816228
"Flagstaff/Bullhead City - Prescott, AZ (Corp) #508",Heavy Equipment-OTR,Heavy Truck and Tractor,135.00,34.5588742,-112.4621679
"Flagstaff/Bullhead City - Prescott, AZ (Corp) #508",Heavy Equipment-OTR,Heavy Truck and Tractor,135.00,35.0955005,-114.5756251
"Waco - Temple - Killeen, TX #246",Heavy Equipment-OTR,Heavy Truck and Tractor,120.00,31.0972840,-97.3414920
"Waco - Temple - Killeen, TX #246",Heavy Equipment-OTR,Heavy Truck and Tractor,120.00,31.1210609,-97.7332515
"Fresno South, CA (Corp) #050",Heavy Equipment-OTR,Heavy Truck and Tractor,140.00,36.7396315,-119.7842608
"West Palm Beach, FL (Corp) #472",Heavy Equipment-OTR,Heavy Truck and Tractor,120.00,26.7140391,-80.0542245
"San Angelo North, TX (Corp) #483",Heavy Equipment-OTR,Heavy Truck and Tractor,120.00,31.4617592,-100.4479853
"Peoria, IL (Corp) #497",Heavy Equipment-OTR,Heavy Truck and Tractor,125.00,40.6950000,-89.5920000
"Tacoma, WA (Corp) #499",Heavy Equipment-OTR,Heavy Truck and Tractor,134.00,47.2459182,-122.4384768
"Albuquerque North, NM (Corp) #500",Heavy Equipment-OTR,Heavy Truck and Tractor,134.00,35.0881486,-106.6515070
